Nome,Idade,Sexo,Estado_Civil,CEP,Escolaridade
Marina Araújo,60,Outro,Divorciado,51033465,Pós-Graduação
Yasmin Peixoto,30,Masculino,Solteiro,50471826,Superior Completo
Apollo Lima,84,Feminino,Casado,50472578,Ensino Fundamental
Alice da Conceição,39,Masculino,Viúvo,50651304,Pós-Graduação
José Vieira,52,Masculino,Divorciado,50732962,Superior Completo
Ana Carolina Pinto,52,Masculino,Divorciado,50185906,Superior Completo
Luiz Henrique Albuquerque,85,Masculino,Solteiro,50657306,Ensino Médio
Dr. Liam Castro,24,Outro,Viúvo,50910940,Pós-Graduação
Sr. Enzo Oliveira,59,Feminino,Viúvo,50555867,Superior Incompleto
Kevin Moraes,70,Masculino,Solteiro,50234191,Superior Incompleto
Vitor Gabriel Moreira,86,Outro,Solteiro,50633959,Superior Completo
Mariana Silva,31,Masculino,Divorciado,50780575,Ensino Fundamental
Francisco Siqueira,36,Masculino,Viúvo,50352266,Superior Incompleto
Samuel Campos,24,Feminino,Solteiro,51087845,Superior Incompleto
Maria Liz Cunha,61,Masculino,Casado,50076496,Ensino Fundamental
Olívia Santos,85,Outro,Divorciado,51020690,Superior Completo
Ayla Cardoso,82,Feminino,Solteiro,50915067,Superior Completo
Sr. Theodoro da Costa,79,Outro,Viúvo,50186184,Superior Completo
Ayla Nogueira,48,Masculino,Casado,51049671,Ensino Fundamental
Dr. Vitor Hugo Sampaio,83,Feminino,Viúvo,51043186,Ensino Fundamental
Dra. Cecília Farias,55,Outro,Solteiro,50261606,Superior Incompleto
Juan Garcia,90,Feminino,Casado,50248789,Ensino Fundamental
Bárbara Pimenta,25,Outro,Casado,50654924,Superior Incompleto
Kamilly Ramos,65,Masculino,Divorciado,50972885,Ensino Fundamental
Benjamim Carvalho,37,Feminino,Solteiro,50665296,Superior Incompleto
Nicole Rocha,35,Feminino,Divorciado,50043426,Superior Incompleto
Liz Machado,71,Feminino,Casado,50156874,Ensino Médio
Maysa Fernandes,26,Outro,Divorciado,50169263,Superior Completo
Eduarda Correia,69,Masculino,Casado,50806163,Superior Incompleto
Kaique Freitas,51,Feminino,Casado,50544919,Ensino Médio
Ísis Siqueira,87,Masculino,Casado,50568100,Superior Completo
Caleb Abreu,79,Masculino,Casado,50728164,Ensino Fundamental
Vitor Oliveira,70,Feminino,Solteiro,50166030,Ensino Fundamental
Laís Araújo,18,Feminino,Casado,50322435,Ensino Fundamental
Gabriela Santos,24,Masculino,Solteiro,50455987,Superior Incompleto
Nina Lima,43,Feminino,Divorciado,50328122,Pós-Graduação
Maria Sophia Fernandes,31,Masculino,Solteiro,51019569,Superior Completo
Maria Cecília Câmara,20,Feminino,Divorciado,50029409,Ensino Médio
Luigi Farias,56,Feminino,Casado,51095992,Ensino Fundamental
Daniel Dias,77,Feminino,Viúvo,51024952,Pós-Graduação
Oliver Pires,33,Masculino,Solteiro,50981489,Pós-Graduação
Dra. Maria Alice Dias,67,Feminino,Casado,51056593,Pós-Graduação
Laura Garcia,51,Outro,Casado,50635236,Superior Incompleto
Anthony Gabriel Guerra,86,Outro,Casado,50186642,Superior Completo
Isaque da Rocha,42,Masculino,Viúvo,50905020,Ensino Médio
Sabrina Cassiano,48,Masculino,Divorciado,51025730,Superior Completo
Benjamin Andrade,73,Outro,Casado,50026621,Superior Incompleto
Igor Vieira,49,Masculino,Solteiro,50127817,Pós-Graduação
Benício Pereira,53,Outro,Casado,50218580,Superior Completo
Benjamin Vasconcelos,73,Feminino,Solteiro,50666868,Ensino Fundamental
Heloísa Pires,67,Feminino,Divorciado,50425788,Superior Incompleto
Maria Fernanda Ramos,39,Feminino,Divorciado,50487473,Ensino Fundamental
Maria Laura Câmara,50,Outro,Solteiro,50986759,Ensino Fundamental
Otávio da Mota,82,Outro,Viúvo,50536146,Ensino Médio
João Brito,36,Feminino,Viúvo,50051117,Superior Completo
Rodrigo Oliveira,81,Masculino,Solteiro,51097262,Ensino Fundamental
Benjamim Duarte,20,Feminino,Casado,50429059,Ensino Médio
Arthur Miguel Oliveira,27,Feminino,Casado,50108275,Ensino Médio
Bento Pinto,84,Masculino,Divorciado,50185916,Superior Completo
Gabriel Ferreira,45,Feminino,Viúvo,50222267,Ensino Médio
Liam Pacheco,37,Masculino,Divorciado,50461078,Ensino Fundamental
Sr. Gustavo Porto,67,Outro,Divorciado,50646078,Ensino Médio
Bryan Pacheco,88,Masculino,Viúvo,50497876,Superior Completo
Sra. Olivia Borges,54,Outro,Divorciado,50720439,Ensino Fundamental
Stephany Fogaça,45,Masculino,Solteiro,50536650,Superior Completo
Sra. Ísis Marques,43,Outro,Casado,50427263,Superior Incompleto
Hadassa Alves,76,Masculino,Casado,50504847,Superior Incompleto
Mariah Fernandes,23,Outro,Casado,50539868,Ensino Médio
Benjamin Silveira,48,Feminino,Viúvo,50791772,Ensino Médio
Vitor Hugo Rocha,86,Masculino,Divorciado,51096793,Superior Incompleto
Raquel Pastor,63,Feminino,Solteiro,50899234,Ensino Fundamental
Camila Azevedo,67,Masculino,Divorciado,50706091,Pós-Graduação
Sr. Gael Dias,34,Masculino,Viúvo,50551891,Ensino Médio
Dra. Stella Sales,71,Masculino,Solteiro,50551522,Pós-Graduação
Kaique da Conceição,86,Feminino,Viúvo,51030621,Superior Incompleto
Henrique da Costa,43,Masculino,Viúvo,50619531,Superior Completo
Laura Cavalcanti,30,Feminino,Viúvo,51075411,Pós-Graduação
Dom Melo,18,Feminino,Solteiro,50678415,Pós-Graduação
Ian Cunha,26,Outro,Casado,50842428,Superior Incompleto
José Miguel Fogaça,48,Outro,Viúvo,50198716,Ensino Fundamental
Thales Sá,26,Feminino,Divorciado,50189211,Pós-Graduação
Caroline Mendes,81,Feminino,Viúvo,50223474,Pós-Graduação
Manuella Rios,66,Feminino,Solteiro,50358028,Ensino Fundamental
Bianca Fogaça,85,Masculino,Casado,50666540,Ensino Médio
Davi Miguel Teixeira,32,Feminino,Solteiro,50098745,Pós-Graduação
Agatha Duarte,24,Feminino,Viúvo,50754667,Superior Incompleto
Carolina Fonseca,27,Masculino,Casado,50198431,Pós-Graduação
Cauê Azevedo,20,Feminino,Solteiro,51087546,Ensino Fundamental
Felipe Albuquerque,83,Outro,Casado,50127273,Pós-Graduação
Levi Câmara,20,Masculino,Divorciado,50406367,Ensino Médio
Gabrielly Brito,24,Outro,Casado,50024512,Ensino Fundamental
Benjamin Pimenta,86,Outro,Divorciado,50625418,Ensino Médio
Elisa Pimenta,52,Feminino,Casado,50262796,Ensino Fundamental
Gustavo Henrique Vieira,82,Feminino,Divorciado,50364694,Pós-Graduação
Pietra Carvalho,30,Masculino,Divorciado,50897004,Superior Incompleto
Olívia Oliveira,72,Feminino,Casado,50932338,Superior Completo
Clarice Cardoso,22,Masculino,Casado,51073865,Ensino Fundamental
Heloisa Lopes,50,Masculino,Casado,50815210,Pós-Graduação
Bruno Cavalcanti,29,Outro,Divorciado,50290016,Ensino Fundamental
Eloá da Cunha,83,Masculino,Solteiro,50473467,Ensino Fundamental
Davi Miguel Jesus,20,Feminino,Casado,50437379,Superior Incompleto
Arthur Siqueira,81,Outro,Viúvo,50085172,Pós-Graduação
Rhavi da Cunha,30,Outro,Viúvo,50379941,Pós-Graduação
Dr. Calebe Teixeira,52,Outro,Viúvo,50379423,Superior Completo
Rebeca Viana,74,Feminino,Solteiro,50397650,Ensino Fundamental
Isabel Aparecida,37,Feminino,Viúvo,50766381,Pós-Graduação
Maria Vitória Andrade,90,Masculino,Viúvo,50156196,Superior Incompleto
Daniela Correia,21,Masculino,Casado,50679690,Ensino Médio
Sr. Ravi Lucca Peixoto,84,Masculino,Viúvo,50215086,Pós-Graduação
Manuela Novaes,29,Feminino,Solteiro,51041552,Ensino Médio
Cauê da Mota,47,Feminino,Casado,50045728,Ensino Médio
Dra. Sophia Cavalcante,36,Masculino,Viúvo,50490107,Ensino Fundamental
Dr. Yan Pinto,90,Feminino,Solteiro,50928028,Ensino Fundamental
Heitor Siqueira,18,Feminino,Casado,50564152,Superior Completo
Theodoro Moreira,88,Feminino,Casado,50555953,Ensino Fundamental
Luigi Marques,71,Feminino,Divorciado,50616904,Superior Completo
Daniela Sampaio,56,Outro,Casado,50186146,Superior Incompleto
Sr. Josué Brito,41,Feminino,Viúvo,50403113,Ensino Fundamental
Maria Sophia Moura,60,Outro,Casado,50948660,Ensino Fundamental
Joaquim Peixoto,85,Masculino,Casado,50145222,Ensino Fundamental
Maya Martins,90,Feminino,Divorciado,50866200,Ensino Médio
Gael Henrique Melo,87,Outro,Casado,50302082,Ensino Médio
Erick Brito,74,Feminino,Viúvo,50730389,Superior Incompleto
Juliana Cunha,31,Outro,Divorciado,50564782,Superior Completo
Pedro Lucas Correia,42,Outro,Viúvo,50927458,Superior Completo
Ana Julia Castro,36,Masculino,Divorciado,50337844,Superior Incompleto
Maria Flor Nunes,60,Feminino,Casado,50864640,Superior Incompleto
Sra. Evelyn Gonçalves,57,Outro,Casado,50195830,Ensino Fundamental
Lorena Cavalcanti,37,Outro,Divorciado,50262837,Ensino Médio
Gael Mendonça,56,Feminino,Viúvo,50635502,Superior Incompleto
Luiz Felipe da Mata,28,Masculino,Solteiro,50178795,Superior Incompleto
Ana Vitória Pastor,61,Feminino,Divorciado,50657135,Superior Incompleto
Maya Jesus,42,Outro,Divorciado,50036989,Pós-Graduação
Maria Souza,70,Masculino,Viúvo,51002301,Superior Incompleto
Stella Freitas,89,Masculino,Divorciado,50799900,Superior Incompleto
Dr. Cauê da Luz,23,Masculino,Casado,51054175,Pós-Graduação
Arthur Miguel Lima,90,Masculino,Viúvo,50471673,Superior Incompleto
Enzo Gabriel da Luz,37,Outro,Casado,50848107,Superior Incompleto
Sra. Isis Fernandes,31,Outro,Casado,50006533,Superior Completo
Ana Cecília Sousa,45,Feminino,Solteiro,50593578,Ensino Fundamental
Julia Macedo,44,Outro,Casado,50426701,Superior Completo
Sr. Henry Sampaio,67,Masculino,Solteiro,51033003,Ensino Médio
Vitor Gabriel Fogaça,67,Outro,Divorciado,50175862,Ensino Fundamental
Vicente Abreu,71,Outro,Divorciado,50344545,Pós-Graduação
Ísis Rodrigues,86,Feminino,Casado,51093437,Superior Completo
Dra. Luna Machado,90,Outro,Casado,50042868,Superior Completo
Maria Vitória Albuquerque,19,Outro,Solteiro,50972508,Superior Completo
Maria Laura Freitas,56,Masculino,Casado,50961912,Ensino Médio
Brenda Cardoso,73,Outro,Casado,50062870,Ensino Fundamental
Beatriz Brito,57,Outro,Viúvo,50939109,Ensino Médio
Dr. Davi Miguel Cirino,37,Masculino,Viúvo,50982528,Ensino Fundamental
João Miguel Farias,87,Outro,Divorciado,51028974,Pós-Graduação
Sr. Danilo Câmara,50,Masculino,Viúvo,50067631,Superior Completo
Mathias Sousa,64,Feminino,Solteiro,50919295,Ensino Fundamental
Sra. Nina da Rocha,86,Feminino,Casado,50846025,Superior Completo
Benjamin Nogueira,62,Feminino,Viúvo,50926881,Superior Completo
João Miguel Caldeira,24,Outro,Casado,50550288,Ensino Médio
Stella Barbosa,47,Masculino,Viúvo,50776001,Superior Completo
Dr. Noah Campos,82,Masculino,Solteiro,51014449,Superior Completo
Theodoro Abreu,65,Masculino,Solteiro,50088508,Superior Completo
Davi Lucas Moraes,59,Masculino,Solteiro,50226505,Pós-Graduação
Gael Sampaio,90,Masculino,Divorciado,50128343,Pós-Graduação
Manuela Ramos,77,Outro,Viúvo,50102463,Ensino Fundamental
Ísis Costela,87,Masculino,Solteiro,50819580,Ensino Fundamental
Mariah Aragão,45,Masculino,Solteiro,50021005,Superior Incompleto
Heloisa da Cunha,42,Outro,Casado,50321061,Pós-Graduação
João Cassiano,57,Outro,Divorciado,50183787,Ensino Médio
Eloah Barbosa,26,Outro,Solteiro,50986806,Superior Completo
José Miguel Freitas,59,Feminino,Viúvo,50471820,Pós-Graduação
Maria Eduarda Souza,62,Feminino,Solteiro,50339463,Pós-Graduação
Mariah da Rocha,18,Masculino,Casado,50206170,Ensino Fundamental
Melina Farias,29,Masculino,Viúvo,50493670,Ensino Médio
Ayla Casa Grande,71,Masculino,Casado,50865318,Superior Completo
Lunna Andrade,58,Masculino,Casado,50862759,Superior Incompleto
Dra. Maria Júlia da Rocha,77,Masculino,Viúvo,50554092,Superior Incompleto
Melina Camargo,69,Feminino,Divorciado,50091888,Ensino Médio
Bernardo Silva,19,Masculino,Solteiro,50010742,Ensino Médio
Heloísa Farias,39,Outro,Divorciado,50056838,Pós-Graduação
Alana Aparecida,51,Feminino,Divorciado,50602452,Superior Incompleto
Matteo Ferreira,83,Outro,Viúvo,50873744,Ensino Fundamental
Sr. Yuri Jesus,25,Feminino,Casado,50608654,Superior Incompleto
João Miguel Souza,42,Outro,Viúvo,50083489,Superior Completo
Ana Carolina Alves,21,Feminino,Divorciado,50062401,Pós-Graduação
Sr. Renan Araújo,29,Feminino,Divorciado,50540082,Superior Completo
Dra. Marina das Neves,51,Outro,Viúvo,51039720,Ensino Fundamental
Maria Luísa Rezende,69,Feminino,Solteiro,50356778,Superior Completo
Heloísa Rocha,87,Masculino,Viúvo,51083068,Superior Completo
Fernando Rezende,64,Outro,Divorciado,50337127,Superior Incompleto
Maria Clara Camargo,60,Feminino,Divorciado,50002010,Ensino Fundamental
Paulo Albuquerque,22,Outro,Solteiro,50283762,Pós-Graduação
Raquel da Luz,51,Feminino,Divorciado,50731014,Ensino Médio
Carolina Casa Grande,25,Outro,Solteiro,50702001,Superior Incompleto
Thiago Correia,21,Feminino,Viúvo,50534264,Pós-Graduação
Arthur Barbosa,70,Masculino,Divorciado,50847713,Ensino Fundamental
Laura Ferreira,47,Outro,Divorciado,50184546,Superior Incompleto
Isaque Leão,25,Masculino,Divorciado,50287321,Pós-Graduação
Luísa Costela,46,Feminino,Casado,50619859,Ensino Médio
Allana Camargo,48,Masculino,Casado,50827910,Superior Completo
Dr. Gustavo Henrique Gomes,19,Outro,Casado,50201320,Superior Incompleto
Sr. Benício Pastor,39,Feminino,Viúvo,50135962,Ensino Médio
Maria Eduarda Pastor,59,Feminino,Divorciado,50321152,Ensino Fundamental
Dr. Calebe Araújo,31,Feminino,Viúvo,50598591,Ensino Fundamental
João Pedro Azevedo,47,Outro,Casado,50584806,Ensino Médio
Evelyn Souza,79,Outro,Solteiro,50887509,Pós-Graduação
Ana Sophia Cirino,31,Feminino,Solteiro,50405212,Superior Incompleto
Carlos Eduardo da Mata,32,Outro,Solteiro,51057680,Ensino Fundamental
Benjamim Barros,39,Masculino,Viúvo,50570999,Pós-Graduação
Marina Vieira,88,Masculino,Solteiro,50345053,Superior Completo
Maria Fernanda Lima,59,Feminino,Divorciado,50654344,Ensino Médio
Arthur Gabriel Sousa,20,Feminino,Viúvo,50438702,Ensino Médio
Sra. Sarah Cardoso,48,Masculino,Solteiro,50984503,Ensino Médio
Sofia Fogaça,66,Feminino,Casado,50032613,Superior Completo
Allana Duarte,52,Outro,Divorciado,50419457,Superior Incompleto
Benicio da Mota,54,Feminino,Divorciado,50290161,Superior Completo
Isabelly Correia,85,Outro,Divorciado,50268098,Ensino Médio
Ana Cecília Pacheco,58,Masculino,Casado,51026447,Pós-Graduação
Liz Barros,64,Outro,Solteiro,51074114,Pós-Graduação
Lucca Abreu,40,Masculino,Divorciado,50452850,Ensino Médio
Levi Abreu,21,Feminino,Divorciado,50003130,Superior Completo
Guilherme Rodrigues,40,Masculino,Casado,50661350,Ensino Médio
Sara Santos,79,Masculino,Solteiro,50167572,Superior Incompleto
Sr. Thiago Mendes,55,Masculino,Casado,50261732,Superior Completo
Marcos Vinicius Lima,33,Outro,Divorciado,50841238,Ensino Médio
Heloisa Barros,61,Feminino,Divorciado,50416311,Superior Completo
Luiz Fernando Pereira,21,Masculino,Divorciado,50969730,Ensino Fundamental
Dr. Davi Lucas Pimenta,41,Masculino,Viúvo,50779283,Superior Incompleto
Henrique Cardoso,45,Outro,Solteiro,50290033,Pós-Graduação
Arthur Miguel Sales,58,Masculino,Solteiro,50622053,Ensino Médio
Lucca Duarte,34,Feminino,Divorciado,50429836,Superior Incompleto
Ester Duarte,72,Outro,Solteiro,50143942,Superior Incompleto
Luan Borges,90,Outro,Solteiro,50640850,Pós-Graduação
Apollo Gomes,21,Feminino,Casado,50744774,Ensino Médio
Isaque Rodrigues,68,Outro,Viúvo,50281426,Ensino Fundamental
Jade Ramos,32,Masculino,Solteiro,50332560,Ensino Fundamental
Eduardo Porto,88,Feminino,Divorciado,50192345,Superior Completo
Jade Mendonça,52,Feminino,Solteiro,50307803,Ensino Fundamental
Ana Cecília Rios,86,Outro,Casado,50518710,Superior Incompleto
Theo Nascimento,38,Feminino,Casado,50307695,Pós-Graduação
Ana Laura Silva,52,Outro,Solteiro,50383476,Ensino Fundamental
Juliana Barbosa,19,Feminino,Solteiro,50534225,Superior Incompleto
Dra. Letícia Rocha,25,Masculino,Casado,50886641,Ensino Médio
Daniela Novais,59,Feminino,Casado,50913856,Ensino Médio
Dra. Maria Helena Garcia,74,Feminino,Casado,50433283,Ensino Médio
Anthony Gabriel Silveira,25,Feminino,Casado,50870296,Pós-Graduação
Matteo Fogaça,42,Outro,Solteiro,50526418,Superior Incompleto
Mariah Casa Grande,21,Feminino,Solteiro,50444855,Superior Completo
Sr. Benjamin Cavalcante,67,Feminino,Casado,50708079,Pós-Graduação
Bernardo Correia,89,Masculino,Divorciado,50649086,Superior Incompleto
Bryan Sales,18,Masculino,Solteiro,50764299,Ensino Médio
Eduarda Lima,78,Masculino,Casado,50417103,Pós-Graduação
João Gabriel da Luz,45,Masculino,Divorciado,50423320,Superior Incompleto
Nicolas Abreu,51,Masculino,Viúvo,50310993,Pós-Graduação
Nina Jesus,53,Feminino,Viúvo,50368773,Superior Incompleto
Sr. Gael Henrique Vieira,82,Masculino,Solteiro,50111098,Superior Incompleto
Thales Farias,81,Feminino,Casado,50384075,Ensino Médio
Eduarda Novais,87,Feminino,Divorciado,50884196,Superior Completo
Pedro Lucas Peixoto,42,Outro,Viúvo,51079526,Ensino Médio
Maria Alice Aragão,69,Masculino,Solteiro,50419408,Pós-Graduação
Gustavo Macedo,80,Masculino,Casado,50972775,Superior Completo
Luísa Vasconcelos,34,Feminino,Casado,50247846,Ensino Médio
Maria Luiza Nascimento,60,Outro,Divorciado,50369126,Superior Completo
Thiago Camargo,25,Outro,Divorciado,50775348,Ensino Médio
Marcela Cunha,42,Feminino,Divorciado,50115306,Ensino Médio
Sra. Olívia Ribeiro,31,Masculino,Viúvo,50672356,Pós-Graduação
Gael Costela,77,Masculino,Casado,50305624,Pós-Graduação
Ester Alves,27,Feminino,Casado,51004662,Ensino Médio
Matteo Nogueira,49,Masculino,Viúvo,50553916,Pós-Graduação
Heloísa Vasconcelos,27,Masculino,Casado,50950015,Superior Completo
Laura Machado,61,Masculino,Solteiro,50141288,Superior Completo
Liam Câmara,47,Outro,Casado,50654766,Ensino Médio
Vitor Hugo Rios,20,Masculino,Viúvo,51083065,Ensino Fundamental
Bianca das Neves,71,Outro,Casado,50885956,Ensino Médio
Matteo Pires,60,Outro,Solteiro,50054584,Pós-Graduação
Henry Albuquerque,48,Feminino,Casado,51035110,Pós-Graduação
Lucca Barros,82,Outro,Viúvo,50367269,Pós-Graduação
Dr. Asafe Pacheco,62,Outro,Divorciado,50373182,Ensino Médio
Ana Beatriz da Luz,32,Feminino,Divorciado,50460364,Ensino Fundamental
Théo Campos,79,Feminino,Viúvo,50813503,Ensino Fundamental
Alana Cunha,45,Masculino,Casado,50733536,Superior Completo
Isabelly Albuquerque,32,Masculino,Divorciado,50183282,Ensino Fundamental
Srta. Mariana Leão,49,Outro,Casado,50867789,Ensino Médio
Sr. Francisco Leão,62,Masculino,Casado,50423276,Superior Incompleto
Gael Henrique Novais,24,Masculino,Divorciado,51092329,Superior Incompleto
Benjamim da Paz,85,Outro,Solteiro,50919016,Pós-Graduação
Mariane Peixoto,54,Feminino,Casado,50976902,Pós-Graduação
Cauã Vieira,40,Feminino,Casado,50475652,Pós-Graduação
Catarina Machado,78,Outro,Casado,50540922,Pós-Graduação
Beatriz Gonçalves,41,Outro,Solteiro,50730708,Superior Completo
Enzo Jesus,67,Feminino,Viúvo,50122721,Ensino Médio
Isis Oliveira,24,Masculino,Solteiro,50877140,Pós-Graduação
Luiz Fernando Costa,81,Outro,Casado,50613502,Ensino Médio
Clara Guerra,37,Outro,Divorciado,50947600,Ensino Médio
Heloisa Lima,81,Masculino,Divorciado,50843747,Superior Completo
Rebeca Viana,82,Feminino,Casado,50738402,Ensino Médio
Eloah Castro,22,Outro,Viúvo,50223156,Superior Completo
Murilo Barbosa,48,Masculino,Viúvo,50880771,Superior Completo
Rael da Mota,72,Feminino,Casado,50034495,Superior Incompleto
Maria Flor Siqueira,38,Feminino,Viúvo,50695486,Ensino Médio
Antony Souza,42,Feminino,Solteiro,51083025,Superior Completo
Dr. João Gabriel Vasconcelos,47,Outro,Casado,50353560,Ensino Médio
Bella Nunes,57,Feminino,Solteiro,50586306,Pós-Graduação
Isadora Aragão,59,Feminino,Solteiro,50464684,Ensino Médio
André Garcia,68,Feminino,Divorciado,50878261,Superior Incompleto
Dra. Agatha Pires,74,Outro,Solteiro,50422482,Ensino Fundamental
Rael Porto,47,Outro,Casado,50275025,Pós-Graduação
Srta. Nina da Mota,59,Feminino,Solteiro,50845255,Superior Completo
Srta. Maitê Sousa,29,Outro,Casado,50215727,Ensino Médio
Ana Cecília Cunha,66,Masculino,Divorciado,50610778,Ensino Médio
José Miguel Pacheco,58,Masculino,Casado,50906225,Ensino Médio
Nathan Lopes,74,Outro,Casado,50300619,Superior Incompleto
Nicolas Costa,39,Outro,Viúvo,50860108,Pós-Graduação
Vitor Pimenta,55,Outro,Viúvo,50225434,Superior Incompleto
Josué Cardoso,78,Outro,Divorciado,50668115,Ensino Fundamental
Lívia Ramos,21,Outro,Divorciado,50721923,Pós-Graduação
Josué da Mota,24,Feminino,Viúvo,50943778,Pós-Graduação
Ana Vitória Ribeiro,30,Outro,Divorciado,50586933,Superior Incompleto
Dra. Fernanda Costa,50,Masculino,Solteiro,50058275,Superior Incompleto
Calebe Viana,88,Feminino,Casado,50000715,Superior Incompleto
Luana Castro,56,Masculino,Casado,50941029,Pós-Graduação
Gustavo Correia,37,Feminino,Viúvo,50244218,Ensino Fundamental
Leandro Leão,74,Outro,Casado,50105038,Superior Incompleto
Caleb Carvalho,78,Feminino,Solteiro,50253634,Superior Incompleto
João Guilherme Barbosa,19,Masculino,Solteiro,50056128,Pós-Graduação
Dra. Emanuella Teixeira,63,Feminino,Solteiro,50975711,Pós-Graduação
Dra. Eduarda Sá,37,Masculino,Viúvo,50293963,Pós-Graduação
Ana Julia Rodrigues,85,Outro,Divorciado,50706775,Superior Completo
Bryan Fogaça,23,Masculino,Solteiro,50653423,Superior Completo
Helena Casa Grande,43,Masculino,Solteiro,50690847,Ensino Médio
Sr. Brayan da Costa,46,Feminino,Solteiro,50396272,Superior Incompleto
Renan Rios,32,Outro,Divorciado,50848300,Pós-Graduação
Clara Ramos,73,Masculino,Casado,50596320,Superior Completo
Dra. Mariah Fonseca,52,Feminino,Casado,50338675,Ensino Médio
Dom Albuquerque,66,Masculino,Solteiro,51045867,Superior Incompleto
Julia Ramos,78,Masculino,Casado,50501044,Ensino Médio
Juan Souza,23,Feminino,Casado,50258315,Superior Completo
Gustavo Rodrigues,27,Masculino,Casado,50561633,Ensino Fundamental
Eduardo Fernandes,34,Feminino,Viúvo,50513234,Pós-Graduação
Sarah Santos,18,Outro,Casado,50873703,Superior Incompleto
Maria Helena Novaes,67,Outro,Casado,50103900,Pós-Graduação
Davi Lucas Dias,43,Masculino,Solteiro,50704055,Ensino Fundamental
Cecilia Moraes,80,Masculino,Casado,50116662,Superior Incompleto
Srta. Maria Alice Almeida,68,Feminino,Divorciado,50022106,Ensino Fundamental
Olívia Caldeira,75,Outro,Solteiro,51016058,Ensino Médio
Leonardo Porto,66,Outro,Viúvo,50901545,Ensino Médio
Ryan Ferreira,47,Masculino,Solteiro,50490931,Superior Completo
Gabrielly Silveira,28,Outro,Casado,50839884,Ensino Médio
Igor Montenegro,69,Masculino,Divorciado,50418920,Pós-Graduação
Ísis Cardoso,77,Masculino,Solteiro,50935089,Pós-Graduação
Yan Sousa,18,Masculino,Casado,50174256,Ensino Médio
André Oliveira,79,Feminino,Viúvo,50756450,Ensino Médio
Vitor Hugo Leão,66,Feminino,Viúvo,50564789,Ensino Fundamental
Dr. Arthur Mendonça,68,Outro,Divorciado,50203848,Pós-Graduação
Mariah Marques,77,Feminino,Viúvo,50275158,Ensino Médio
Thomas Monteiro,77,Masculino,Solteiro,50602284,Ensino Fundamental
Ísis Nogueira,45,Masculino,Solteiro,50380156,Superior Completo
Sr. Marcelo Macedo,27,Masculino,Casado,50514804,Superior Completo
Eloá Martins,23,Outro,Casado,50617872,Superior Completo
Eduarda Montenegro,83,Outro,Divorciado,50611292,Superior Completo
Isabelly Barros,64,Outro,Casado,50554045,Superior Incompleto
Maria Teixeira,72,Feminino,Solteiro,51083315,Superior Completo
Lívia Leão,55,Feminino,Divorciado,51087229,Superior Completo
Aylla Almeida,50,Outro,Divorciado,50692222,Superior Completo
Dr. Lucca Correia,60,Outro,Viúvo,50045272,Ensino Médio
Antonella Santos,46,Masculino,Solteiro,50694686,Superior Incompleto
Dra. Marina Azevedo,69,Feminino,Casado,50188457,Ensino Fundamental
Raquel Pires,80,Outro,Casado,50002115,Superior Incompleto
Samuel Fogaça,49,Masculino,Casado,50028354,Pós-Graduação
Josué da Rosa,47,Outro,Viúvo,50119065,Ensino Médio
Dra. Hellena Borges,29,Outro,Viúvo,50658668,Superior Incompleto
Ana Luiza Cardoso,37,Feminino,Divorciado,50356636,Ensino Médio
Luigi Viana,88,Masculino,Casado,50348870,Ensino Fundamental
Maria Cecília Gonçalves,33,Feminino,Viúvo,50552091,Pós-Graduação
Luiza Nascimento,59,Outro,Divorciado,50392181,Ensino Fundamental
Isaac Cavalcante,35,Masculino,Casado,50200587,Pós-Graduação
Srta. Bárbara Nunes,44,Masculino,Solteiro,50609694,Superior Incompleto
Bernardo Barros,20,Feminino,Divorciado,50727502,Superior Completo
Bruna Carvalho,54,Masculino,Divorciado,50634005,Superior Completo
Valentim Mendes,60,Masculino,Viúvo,50548199,Superior Completo
Maria Eduarda Pimenta,85,Masculino,Divorciado,50511790,Ensino Médio
Helena Aparecida,55,Masculino,Divorciado,50425213,Superior Completo
Aylla Sampaio,69,Masculino,Casado,50470619,Superior Incompleto
Lorena Nunes,56,Feminino,Viúvo,50233339,Superior Completo
Vitor Moura,29,Masculino,Casado,50862013,Ensino Fundamental
Dra. Emanuella da Conceição,52,Outro,Solteiro,50105871,Superior Incompleto
Ana Julia Sampaio,29,Feminino,Divorciado,50355448,Superior Incompleto
Dante da Mota,69,Outro,Viúvo,50653252,Ensino Fundamental
Cauã Fogaça,84,Outro,Viúvo,50404919,Superior Completo
Arthur Miguel Correia,26,Feminino,Casado,50232277,Pós-Graduação
Ana Julia Gonçalves,72,Masculino,Casado,50662302,Pós-Graduação
Evelyn Freitas,80,Masculino,Casado,50018808,Ensino Fundamental
José Miguel Albuquerque,21,Outro,Solteiro,50341208,Ensino Médio
Sra. Bárbara Montenegro,75,Outro,Divorciado,50755969,Ensino Médio
Ana Laura Pires,25,Outro,Divorciado,50281144,Ensino Médio
Benício Martins,38,Feminino,Solteiro,50577201,Superior Incompleto
Alícia Vargas,21,Feminino,Viúvo,50005542,Pós-Graduação
Maria Clara Abreu,72,Feminino,Casado,50935137,Ensino Fundamental
Heitor Martins,25,Outro,Divorciado,50287998,Superior Completo
Laís Casa Grande,45,Outro,Solteiro,50499426,Superior Incompleto
Maria Flor Mendes,87,Outro,Viúvo,50690635,Ensino Médio
Mateus Costela,21,Masculino,Viúvo,50006011,Ensino Médio
Ravi Lucca Gonçalves,73,Masculino,Viúvo,50830277,Ensino Fundamental
Ana Pinto,84,Feminino,Solteiro,50785872,Superior Incompleto
Vinicius Borges,77,Masculino,Divorciado,50381664,Ensino Fundamental
Brayan Borges,84,Masculino,Casado,50889022,Superior Incompleto
Dra. Lara Novaes,84,Feminino,Viúvo,50791359,Superior Incompleto
Théo Pereira,57,Outro,Casado,50754047,Pós-Graduação
Sr. Diego Dias,71,Masculino,Viúvo,50603308,Ensino Fundamental
Asafe Nunes,43,Feminino,Divorciado,50612645,Ensino Fundamental
Eduarda Cassiano,84,Masculino,Divorciado,50157973,Ensino Fundamental
Dra. Sophia Nascimento,33,Feminino,Solteiro,50145017,Pós-Graduação
Isabelly Ferreira,24,Feminino,Divorciado,50964225,Pós-Graduação
Rodrigo Pires,74,Outro,Divorciado,50583632,Ensino Médio
Srta. Sabrina Camargo,40,Outro,Casado,50484600,Pós-Graduação
Theo da Paz,81,Feminino,Solteiro,50832669,Superior Incompleto
Lívia Pires,54,Outro,Divorciado,50645988,Ensino Fundamental
Levi Almeida,30,Feminino,Divorciado,50030977,Ensino Fundamental
Emanuel Correia,42,Masculino,Viúvo,51025680,Superior Incompleto
Luiz Fernando Machado,64,Outro,Divorciado,50948583,Pós-Graduação
Maria Fernanda Rios,88,Outro,Viúvo,50970444,Pós-Graduação
Sr. Samuel Câmara,71,Feminino,Solteiro,50209385,Pós-Graduação
Ana Beatriz Rezende,62,Feminino,Solteiro,50903434,Superior Incompleto
Theo da Mata,59,Feminino,Solteiro,51037010,Ensino Médio
Esther Ramos,30,Outro,Divorciado,50430392,Ensino Fundamental
Daniel Castro,38,Masculino,Solteiro,50680615,Pós-Graduação
Antonella Campos,88,Outro,Casado,50505946,Pós-Graduação
Gael Fernandes,87,Outro,Solteiro,50398198,Pós-Graduação
Laís das Neves,56,Outro,Solteiro,50469438,Ensino Médio
Liz Viana,82,Outro,Divorciado,50352872,Ensino Médio
Lucca Araújo,57,Feminino,Divorciado,50778000,Superior Completo
Emanuelly Peixoto,23,Outro,Casado,50771688,Superior Completo
Pedro Ferreira,53,Feminino,Divorciado,50361464,Superior Incompleto
Ravi Casa Grande,88,Masculino,Solteiro,50188216,Pós-Graduação
Pedro Miguel Abreu,22,Masculino,Divorciado,50026154,Superior Completo
Nathan Campos,62,Outro,Solteiro,50882152,Superior Incompleto
Davi Lucca Guerra,44,Masculino,Casado,51011675,Ensino Fundamental
Catarina Mendes,88,Feminino,Casado,50098858,Pós-Graduação
Isaac Albuquerque,37,Feminino,Divorciado,50626748,Ensino Fundamental
Gabriela Montenegro,47,Masculino,Viúvo,50510186,Ensino Médio
Henrique Novaes,76,Outro,Divorciado,50454188,Pós-Graduação
Sra. Liz Vargas,84,Feminino,Casado,50636623,Ensino Médio
Luísa Cirino,56,Masculino,Viúvo,50533317,Ensino Médio
Srta. Sophie Mendes,77,Feminino,Divorciado,50853812,Ensino Fundamental
Dr. Luan da Mata,74,Feminino,Divorciado,50699244,Ensino Fundamental
Josué Sousa,26,Outro,Viúvo,50725763,Ensino Fundamental
Sophia Câmara,71,Outro,Divorciado,50813414,Pós-Graduação
Maria Eduarda Almeida,86,Masculino,Viúvo,50581190,Ensino Fundamental
Bryan das Neves,83,Feminino,Viúvo,50293690,Ensino Fundamental
Sara Viana,68,Outro,Casado,50826881,Ensino Médio
Anthony Gabriel da Luz,32,Masculino,Viúvo,51049026,Ensino Médio
Henry Alves,27,Outro,Viúvo,50475263,Ensino Médio
Evelyn da Rocha,71,Feminino,Viúvo,50856170,Ensino Fundamental
Renan Nascimento,83,Outro,Casado,50362227,Ensino Fundamental
Alice Cassiano,88,Outro,Divorciado,50559973,Pós-Graduação
Maria Alice Guerra,58,Masculino,Divorciado,50791379,Pós-Graduação
Maria Luiza Araújo,36,Outro,Divorciado,50004064,Ensino Médio
Sophie Rezende,44,Masculino,Divorciado,50756447,Pós-Graduação
Erick da Mota,32,Outro,Divorciado,50985354,Superior Completo
Leonardo Sampaio,76,Feminino,Divorciado,51056997,Ensino Médio
Luan Barbosa,22,Masculino,Solteiro,50238225,Superior Completo
Paulo Sousa,48,Masculino,Solteiro,50695537,Pós-Graduação
Davi Miguel Moura,43,Feminino,Divorciado,50740148,Superior Incompleto
Benjamim Cirino,21,Outro,Solteiro,50826147,Ensino Fundamental
Vitor Moura,89,Outro,Divorciado,50978863,Superior Completo
Dr. Dom Andrade,54,Outro,Divorciado,50384396,Pós-Graduação
Eloah Silva,28,Feminino,Casado,50043499,Ensino Fundamental
Calebe Siqueira,36,Feminino,Viúvo,50087252,Superior Incompleto
Davi Luiz Pastor,29,Feminino,Viúvo,50063004,Superior Incompleto
Esther Lima,55,Feminino,Solteiro,50361930,Superior Completo
Srta. Luna Cavalcanti,60,Feminino,Viúvo,50210293,Ensino Fundamental
Dr. Arthur Gabriel Jesus,71,Outro,Divorciado,50716165,Ensino Médio
Otávio Marques,37,Outro,Solteiro,50228589,Superior Completo
Zoe Carvalho,47,Outro,Casado,50975226,Ensino Fundamental
André Alves,34,Feminino,Solteiro,50993075,Superior Completo
Sra. Sabrina Barros,44,Outro,Divorciado,50568431,Ensino Fundamental
Ana Vitória Teixeira,72,Outro,Casado,50209159,Ensino Fundamental
Sr. Renan Garcia,78,Feminino,Casado,50345892,Superior Completo
Lorenzo Viana,59,Outro,Solteiro,50356271,Superior Incompleto
Thales Ramos,74,Masculino,Solteiro,50782257,Superior Completo
Dr. Enzo Gabriel Novais,77,Feminino,Casado,50903622,Superior Incompleto
Rafaela Costa,76,Masculino,Solteiro,50912049,Superior Completo
Aylla Ribeiro,26,Masculino,Solteiro,50677153,Ensino Fundamental
Alexia Gomes,69,Outro,Solteiro,50601453,Ensino Fundamental
Gustavo Henrique da Paz,58,Feminino,Divorciado,50584418,Superior Incompleto
Emanuelly Ferreira,46,Masculino,Casado,50338248,Ensino Médio
Maria Sophia Duarte,34,Outro,Solteiro,50635456,Ensino Médio
Juliana Sales,48,Masculino,Solteiro,50033699,Ensino Fundamental
Davi Miguel Câmara,71,Masculino,Casado,50902212,Ensino Fundamental
Srta. Eloah Rodrigues,45,Feminino,Viúvo,50656841,Pós-Graduação
Carolina Almeida,84,Masculino,Divorciado,50503719,Pós-Graduação
Pedro Miguel da Conceição,54,Feminino,Divorciado,50934216,Ensino Médio
Heitor da Mata,55,Masculino,Viúvo,50615885,Pós-Graduação
Caroline Moura,59,Feminino,Solteiro,50863774,Ensino Fundamental
Anna Liz da Mata,22,Masculino,Divorciado,50418511,Ensino Fundamental
Giovanna Câmara,28,Masculino,Divorciado,50684109,Ensino Fundamental
Srta. Bianca Sales,42,Outro,Viúvo,50568115,Ensino Médio
Maria Luiza Silveira,85,Feminino,Casado,50440439,Superior Completo
Benício Vieira,34,Feminino,Solteiro,50402116,Pós-Graduação
Benjamim Siqueira,55,Feminino,Casado,50493610,Superior Incompleto
Renan Alves,45,Feminino,Divorciado,51081339,Superior Incompleto
Liz Brito,64,Outro,Viúvo,50532204,Ensino Fundamental
Antonella Vargas,60,Feminino,Viúvo,50614689,Superior Incompleto
Mateus Nascimento,32,Masculino,Solteiro,50121508,Superior Completo
Benicio Abreu,22,Outro,Solteiro,50371121,Ensino Médio
Luiz Otávio Azevedo,31,Masculino,Casado,50808903,Ensino Fundamental
Ágatha Moraes,26,Feminino,Divorciado,50947638,Superior Completo
Ana Beatriz da Luz,85,Feminino,Casado,50405333,Ensino Médio
Esther Montenegro,22,Outro,Solteiro,50481498,Pós-Graduação
Paulo Barbosa,29,Masculino,Divorciado,50980064,Ensino Fundamental
Ryan Pimenta,29,Masculino,Divorciado,50202543,Superior Incompleto
Natália Leão,20,Feminino,Casado,50615240,Ensino Fundamental
Anna Liz Guerra,30,Outro,Divorciado,50885041,Superior Incompleto
Stephany Rios,45,Feminino,Divorciado,50192321,Ensino Fundamental
André Cassiano,58,Masculino,Viúvo,50456486,Pós-Graduação
Ana Laura Silveira,85,Feminino,Viúvo,50586167,Superior Completo
Srta. Emanuella Novaes,80,Feminino,Solteiro,50667287,Ensino Médio
Anthony Cunha,45,Feminino,Viúvo,50906408,Superior Incompleto
Luna Vieira,49,Feminino,Solteiro,50871856,Superior Completo
Ana Julia da Rosa,35,Outro,Viúvo,50919588,Pós-Graduação
Heloísa Martins,67,Feminino,Solteiro,50845718,Ensino Médio
Dra. Joana Macedo,73,Masculino,Solteiro,50372652,Superior Incompleto
Carlos Eduardo Souza,53,Masculino,Viúvo,50761833,Ensino Fundamental
Raul Moura,70,Feminino,Solteiro,50730940,Ensino Médio
Fernanda Lima,34,Masculino,Divorciado,50560336,Ensino Fundamental
Davi Lucas Mendonça,58,Masculino,Viúvo,50234990,Ensino Fundamental
Raul da Paz,72,Feminino,Casado,50628813,Pós-Graduação
Pietra Fogaça,48,Outro,Solteiro,50330094,Pós-Graduação
Levi Novaes,79,Outro,Viúvo,50128890,Superior Incompleto
Davi Lucca Rios,48,Masculino,Solteiro,50172601,Ensino Médio
Sra. Eloá Melo,37,Masculino,Viúvo,51045060,Ensino Médio
Dr. Yuri Moreira,54,Masculino,Casado,50404784,Pós-Graduação
Luiz Gustavo Pacheco,43,Masculino,Viúvo,50746079,Ensino Médio
Laís Fernandes,71,Masculino,Viúvo,50875633,Ensino Fundamental
Lara Borges,70,Outro,Divorciado,50076470,Ensino Fundamental
Maria Macedo,26,Outro,Divorciado,50310572,Pós-Graduação
Pietra Farias,38,Feminino,Solteiro,51078194,Pós-Graduação
Henry Guerra,82,Outro,Casado,50165026,Pós-Graduação
Sr. João Lucas Farias,40,Outro,Divorciado,50850436,Pós-Graduação
Sra. Laura Viana,69,Masculino,Casado,50184416,Ensino Médio
Davi Lucca Castro,80,Feminino,Casado,50351464,Superior Completo
Mariah Novaes,71,Outro,Divorciado,50246801,Superior Completo
Ravi Lucca Viana,66,Feminino,Casado,51071093,Ensino Fundamental
Amanda Brito,25,Feminino,Divorciado,50586730,Superior Completo
Marcelo da Luz,59,Feminino,Solteiro,50904613,Ensino Fundamental
Pietra Sampaio,88,Feminino,Divorciado,51070671,Superior Completo
Renan Sales,19,Outro,Casado,50837211,Superior Completo
Luan da Costa,57,Feminino,Casado,50182177,Ensino Médio
Zoe Farias,60,Feminino,Viúvo,50290596,Pós-Graduação
João Vitor Costa,72,Masculino,Divorciado,50387857,Ensino Médio
Calebe Fernandes,79,Feminino,Casado,50628761,Superior Incompleto
Lunna Santos,73,Masculino,Divorciado,50788552,Superior Incompleto
Breno Nogueira,31,Feminino,Solteiro,51080732,Ensino Fundamental
Esther Garcia,57,Masculino,Casado,51091300,Superior Incompleto
Sr. Erick Freitas,69,Masculino,Casado,50102685,Ensino Fundamental
Maria Clara Rocha,33,Masculino,Solteiro,50810024,Ensino Fundamental
Luiz Otávio Cassiano,45,Masculino,Divorciado,50413763,Ensino Fundamental
Caroline Pimenta,26,Feminino,Casado,50418255,Ensino Fundamental
Matteo Porto,35,Feminino,Divorciado,50231362,Superior Completo
Heloísa Cunha,43,Masculino,Casado,50758383,Ensino Médio
Fernanda Abreu,26,Feminino,Divorciado,50275960,Superior Incompleto
Lunna Borges,61,Masculino,Viúvo,50183391,Ensino Médio
Maria Luiza Santos,74,Feminino,Divorciado,50150197,Ensino Médio
Sr. Isaque Nascimento,38,Feminino,Solteiro,50740224,Superior Completo
Letícia Guerra,63,Masculino,Viúvo,50400448,Pós-Graduação
Gael Henrique Brito,67,Masculino,Divorciado,50259305,Superior Completo
Maria Jesus,87,Masculino,Casado,50127141,Superior Completo
Dra. Luara da Rocha,88,Feminino,Viúvo,50721700,Superior Incompleto
Henry Gabriel Câmara,45,Masculino,Casado,50710686,Ensino Médio
Maria Liz Costela,90,Feminino,Solteiro,50358550,Superior Incompleto
Maitê Albuquerque,50,Masculino,Solteiro,50932252,Pós-Graduação
Bella Barros,32,Masculino,Viúvo,50181873,Pós-Graduação
Maria Helena Brito,48,Masculino,Solteiro,50489770,Superior Incompleto
Mariane da Cunha,73,Outro,Casado,51082346,Pós-Graduação
João Vitor Macedo,86,Outro,Casado,50785140,Ensino Fundamental
Théo Ribeiro,51,Masculino,Viúvo,50716847,Ensino Médio
Ana Julia Cirino,89,Feminino,Solteiro,50388007,Superior Incompleto
Carlos Eduardo Cirino,79,Masculino,Viúvo,50958661,Ensino Fundamental
Igor Cavalcante,68,Masculino,Solteiro,50844242,Superior Completo
Diego Aragão,90,Outro,Divorciado,51040008,Superior Completo
Eduardo Cardoso,75,Feminino,Solteiro,50930031,Pós-Graduação
Dr. Davi Lucca Azevedo,57,Outro,Casado,50901244,Superior Completo
Alice Martins,60,Outro,Viúvo,50856585,Ensino Médio
Diogo Vieira,36,Feminino,Viúvo,50990346,Ensino Médio
Gabriela Sampaio,27,Outro,Viúvo,50751059,Superior Completo
Rafaela Rodrigues,83,Masculino,Divorciado,51025951,Superior Incompleto
Antônio Moura,62,Masculino,Viúvo,50240891,Superior Completo
Ana Sophia Castro,45,Feminino,Divorciado,51011674,Superior Completo
Diego Martins,30,Outro,Divorciado,50310197,Superior Incompleto
Helena Ferreira,64,Outro,Viúvo,50212603,Superior Incompleto
Sra. Maria Júlia Albuquerque,25,Masculino,Casado,50616626,Superior Completo
Ravy da Rosa,24,Outro,Viúvo,51029133,Superior Incompleto
Stephany Barros,29,Masculino,Casado,50099167,Ensino Fundamental
Miguel Andrade,23,Masculino,Viúvo,50266549,Superior Completo
Mariah Mendonça,31,Masculino,Viúvo,50765059,Ensino Fundamental
Dante Costela,56,Feminino,Solteiro,50409995,Pós-Graduação
Henrique Martins,71,Masculino,Divorciado,50063889,Ensino Médio
Maitê Lopes,48,Feminino,Solteiro,50768197,Pós-Graduação
Dra. Ana Vitória Fernandes,66,Masculino,Viúvo,50913562,Pós-Graduação
Isabel Barbosa,75,Masculino,Casado,50064813,Ensino Fundamental
Sra. Olivia Moura,44,Feminino,Viúvo,50107998,Pós-Graduação
Enrico Camargo,77,Masculino,Viúvo,50454908,Superior Completo
Srta. Camila Andrade,82,Outro,Solteiro,50373762,Superior Incompleto
Sr. Vinicius Sales,34,Outro,Solteiro,50893809,Superior Completo
Josué Cavalcante,61,Masculino,Divorciado,50852418,Superior Incompleto
Helena Campos,84,Masculino,Viúvo,50265433,Superior Completo
Sarah Fogaça,36,Masculino,Viúvo,50516335,Superior Completo
Sr. Dom Camargo,64,Masculino,Viúvo,50805063,Ensino Médio
Sr. Guilherme Araújo,25,Feminino,Solteiro,50827382,Pós-Graduação
Anna Liz Fonseca,85,Feminino,Solteiro,50319295,Superior Incompleto
Enzo Gabriel Monteiro,20,Outro,Divorciado,50136150,Superior Completo
Vitória Rodrigues,66,Masculino,Viúvo,50272225,Superior Incompleto
Ana Pereira,43,Outro,Divorciado,51095956,Pós-Graduação
Isabela Araújo,56,Feminino,Solteiro,50585729,Ensino Fundamental
Sr. Thomas da Mota,74,Outro,Divorciado,50387247,Superior Incompleto
Sr. Leonardo Moura,25,Feminino,Divorciado,50604189,Pós-Graduação
João Felipe Mendes,82,Feminino,Viúvo,50042249,Superior Incompleto
Dr. Pedro Miguel Silveira,19,Feminino,Casado,50678450,Ensino Médio
Maitê Cardoso,83,Outro,Viúvo,50497143,Pós-Graduação
João Felipe Sousa,64,Feminino,Solteiro,50162084,Pós-Graduação
Maria Fernanda Cavalcante,77,Masculino,Viúvo,50902560,Ensino Fundamental
Yuri Jesus,34,Masculino,Solteiro,50763854,Pós-Graduação
Leandro Melo,80,Feminino,Solteiro,50522588,Superior Completo
Carolina Gonçalves,34,Feminino,Divorciado,50361558,Superior Completo
Dom Melo,42,Feminino,Divorciado,50629306,Ensino Fundamental
Luara Andrade,86,Masculino,Casado,50732504,Superior Completo
Pietra Barros,44,Masculino,Viúvo,50664672,Superior Completo
Ana da Rosa,29,Outro,Solteiro,50697300,Ensino Fundamental
Sophie Andrade,47,Feminino,Solteiro,50088309,Superior Incompleto
Luna Silva,79,Masculino,Casado,50991224,Ensino Médio
Kaique da Mota,20,Outro,Solteiro,50851431,Ensino Médio
Luara Cavalcante,87,Masculino,Solteiro,51049440,Pós-Graduação
Mathias Alves,33,Feminino,Casado,50832009,Pós-Graduação
Maria Luiza Pastor,70,Outro,Solteiro,50719912,Superior Incompleto
Maria Eduarda Montenegro,44,Masculino,Viúvo,50502396,Ensino Fundamental
Bella Camargo,71,Outro,Casado,50782325,Superior Incompleto
Maria Vitória Siqueira,62,Masculino,Casado,50650896,Pós-Graduação
Olivia Pinto,19,Outro,Solteiro,50477349,Ensino Médio
Yago da Luz,77,Outro,Divorciado,50984538,Ensino Médio
Thales Pimenta,23,Feminino,Casado,50048242,Pós-Graduação
Josué Rezende,86,Masculino,Casado,50067590,Ensino Fundamental
João Pedro Santos,23,Outro,Solteiro,50971604,Ensino Fundamental
Sr. Liam Sá,57,Outro,Divorciado,50850295,Superior Incompleto
Renan Aragão,21,Feminino,Solteiro,50406099,Superior Completo
Eduardo Campos,85,Masculino,Viúvo,51008148,Superior Completo
Matheus Montenegro,71,Feminino,Solteiro,50250174,Ensino Médio
Sr. Isaac Oliveira,28,Masculino,Solteiro,50942841,Ensino Fundamental
Marina Rezende,19,Outro,Casado,50854264,Ensino Fundamental
Jade Casa Grande,89,Masculino,Casado,51070479,Ensino Médio
Pietro Cavalcante,85,Feminino,Casado,50401807,Ensino Fundamental
Vitória Montenegro,58,Masculino,Casado,50102410,Superior Incompleto
Benjamin Moraes,27,Outro,Solteiro,50929009,Ensino Fundamental
Eduardo Moraes,53,Outro,Viúvo,50839075,Ensino Fundamental
Maria Laura Abreu,20,Outro,Solteiro,50760778,Superior Completo
Isabela Casa Grande,79,Outro,Viúvo,50575530,Pós-Graduação
Vinícius Sá,80,Outro,Solteiro,50269802,Superior Completo
Kamilly Costela,29,Feminino,Casado,50714741,Superior Incompleto
Cecilia da Paz,54,Outro,Casado,50258005,Ensino Médio
Hellena Cardoso,46,Feminino,Viúvo,50492689,Superior Incompleto
Srta. Sofia Andrade,64,Masculino,Divorciado,50466228,Ensino Médio
Caleb Cirino,71,Feminino,Divorciado,51008415,Ensino Fundamental
Dr. José Miguel Castro,25,Feminino,Divorciado,50877322,Superior Completo
Rael Carvalho,67,Feminino,Casado,50620724,Ensino Médio
Maria Alice Sales,61,Masculino,Divorciado,50544728,Superior Completo
Sra. Maria Liz Alves,31,Masculino,Viúvo,51007214,Superior Incompleto
Marcela Peixoto,42,Outro,Casado,50264890,Superior Incompleto
Carolina Azevedo,25,Masculino,Casado,50757116,Superior Incompleto
Ravi Melo,51,Feminino,Casado,50717988,Superior Completo
Luiz Fernando da Mota,51,Feminino,Divorciado,50555832,Superior Incompleto
Isaac Nogueira,31,Feminino,Casado,50970781,Ensino Fundamental
Elisa Silva,57,Outro,Viúvo,50663964,Superior Completo
Gustavo Henrique Albuquerque,45,Feminino,Viúvo,50070954,Superior Completo
Josué Montenegro,78,Outro,Viúvo,50734915,Superior Completo
Sra. Liz Novaes,50,Masculino,Casado,50212012,Superior Incompleto
Sra. Daniela Gonçalves,70,Outro,Casado,50094718,Pós-Graduação
Henry Gabriel Rezende,39,Outro,Casado,50406066,Superior Completo
Sra. Caroline Rodrigues,46,Feminino,Viúvo,50867930,Pós-Graduação
Gael Henrique da Mota,52,Masculino,Divorciado,50157583,Superior Incompleto
Sra. Maria Alice Machado,82,Masculino,Casado,50886408,Ensino Fundamental
Luiz Fernando Cavalcanti,30,Outro,Divorciado,51090095,Superior Completo
Matheus Rocha,42,Masculino,Viúvo,50891523,Ensino Fundamental
Cauê Cirino,89,Masculino,Viúvo,50382740,Superior Incompleto
Rael Fernandes,35,Outro,Divorciado,50514101,Superior Completo
Esther Gomes,59,Outro,Solteiro,50965897,Superior Incompleto
Ana Cecília Nascimento,45,Outro,Solteiro,50666928,Pós-Graduação
Melissa Costela,24,Feminino,Solteiro,50852279,Ensino Médio
Caroline da Rosa,89,Feminino,Solteiro,50853306,Superior Incompleto
Raquel Rodrigues,77,Masculino,Solteiro,50671259,Pós-Graduação
Eduarda Nascimento,65,Outro,Casado,50856859,Ensino Médio
Mariana Martins,73,Feminino,Solteiro,50521252,Superior Incompleto
Pedro Lucas da Paz,65,Outro,Viúvo,50619555,Ensino Médio
Raquel Rodrigues,21,Masculino,Viúvo,50612388,Pós-Graduação
Maria Júlia Nunes,44,Masculino,Viúvo,50637365,Superior Completo
Benjamin Alves,22,Masculino,Casado,50996459,Pós-Graduação
Ágatha da Paz,45,Masculino,Casado,50412807,Superior Completo
José Porto,80,Feminino,Divorciado,50689559,Superior Incompleto
Isabella Souza,36,Masculino,Solteiro,51083841,Pós-Graduação
Jade Montenegro,82,Feminino,Viúvo,50558298,Superior Completo
Vitória Nogueira,20,Outro,Viúvo,50019674,Ensino Fundamental
Milena Siqueira,48,Outro,Casado,50219640,Pós-Graduação
Ravi Oliveira,86,Outro,Solteiro,50742505,Superior Completo
Ana Carolina Rocha,29,Outro,Casado,50896253,Ensino Médio
Dra. Luna Porto,84,Masculino,Solteiro,50997942,Ensino Médio
Rafaela Martins,45,Masculino,Divorciado,50748522,Ensino Fundamental
Dra. Mariah Cassiano,32,Outro,Casado,50699971,Superior Incompleto
Alexandre Machado,34,Feminino,Divorciado,50227869,Pós-Graduação
Nina Borges,44,Masculino,Viúvo,50473536,Ensino Fundamental
Noah Pimenta,39,Masculino,Casado,50946358,Ensino Médio
Jade Rezende,48,Outro,Solteiro,50575849,Superior Completo
Vitória Cirino,36,Masculino,Divorciado,51011759,Ensino Médio
Maya Gonçalves,87,Masculino,Casado,50726006,Superior Incompleto
Alexia Carvalho,64,Feminino,Divorciado,50078466,Superior Completo
Valentina Silva,30,Feminino,Divorciado,50759699,Ensino Médio
Emanuella Silveira,44,Feminino,Casado,50078429,Superior Completo
Maria Luiza Cavalcanti,27,Feminino,Divorciado,50438449,Superior Completo
Henry Almeida,60,Masculino,Viúvo,50953815,Superior Incompleto
Isadora das Neves,66,Masculino,Divorciado,50606653,Superior Completo
Diego Sá,87,Feminino,Divorciado,50366491,Superior Incompleto
Heitor da Rosa,40,Masculino,Viúvo,50035828,Ensino Médio
Oliver Rodrigues,87,Outro,Casado,50978744,Ensino Fundamental
Isabela Gonçalves,22,Feminino,Casado,50745287,Superior Completo
Rafael Marques,81,Feminino,Solteiro,50469671,Ensino Fundamental
Maitê Sales,67,Masculino,Divorciado,50306325,Superior Incompleto
João da Cruz,77,Masculino,Viúvo,50788989,Ensino Fundamental
Leonardo Cirino,50,Outro,Divorciado,50333495,Ensino Médio
Benicio Montenegro,42,Outro,Divorciado,50609149,Ensino Fundamental
Rafaela Melo,80,Feminino,Divorciado,50772016,Pós-Graduação
Ana Julia Barros,60,Feminino,Solteiro,50655390,Ensino Fundamental
Dr. Théo Cassiano,77,Outro,Casado,50433167,Superior Completo
Bruno Cardoso,65,Outro,Viúvo,50771077,Superior Completo
Davi Lucca Campos,72,Feminino,Divorciado,50797154,Ensino Fundamental
Ana Carolina Pimenta,70,Masculino,Divorciado,50893227,Pós-Graduação
Sr. Luiz Miguel Cassiano,73,Feminino,Viúvo,50443596,Pós-Graduação
Clara Rios,31,Masculino,Viúvo,50142156,Ensino Fundamental
Ana Sophia Ramos,84,Feminino,Viúvo,50855221,Superior Completo
Lucas Teixeira,73,Masculino,Divorciado,50012878,Ensino Fundamental
Rafael Machado,45,Outro,Viúvo,50796355,Ensino Fundamental
Sra. Maria Eduarda Viana,59,Feminino,Casado,50661189,Ensino Fundamental
Laura Freitas,63,Outro,Viúvo,50310063,Pós-Graduação
Olivia Fonseca,69,Masculino,Viúvo,51075317,Ensino Fundamental
Bianca Ramos,72,Outro,Casado,50599421,Ensino Médio
Sra. Clara Casa Grande,85,Feminino,Viúvo,50633684,Pós-Graduação
Joaquim da Rocha,39,Feminino,Viúvo,50059188,Ensino Fundamental
Maria Helena Sales,85,Masculino,Divorciado,50353077,Superior Completo
Ian Monteiro,68,Masculino,Casado,50317101,Superior Incompleto
Emanuelly Campos,49,Feminino,Viúvo,50911490,Superior Incompleto
Alana Moura,26,Outro,Casado,50845699,Ensino Fundamental
Enzo Gabriel Moraes,31,Outro,Viúvo,50559448,Ensino Médio
Yasmin Rezende,78,Feminino,Viúvo,50264915,Ensino Médio
Emilly Guerra,20,Masculino,Viúvo,50587531,Ensino Fundamental
Maria Vitória das Neves,36,Feminino,Casado,51008958,Superior Incompleto
Nicole Barbosa,75,Masculino,Casado,50122697,Superior Completo
João Gabriel Barbosa,63,Outro,Casado,50570242,Ensino Fundamental
Ana Laura Siqueira,80,Outro,Divorciado,51098268,Superior Completo
Isabela Nogueira,24,Masculino,Divorciado,50152951,Superior Incompleto
Sra. Nicole Fonseca,59,Feminino,Solteiro,50704357,Ensino Fundamental
Sr. Mateus Siqueira,72,Outro,Viúvo,50633965,Superior Completo
Bárbara Fernandes,46,Masculino,Divorciado,50311470,Superior Completo
Pedro Lucas Cirino,87,Feminino,Solteiro,50213467,Superior Incompleto
Felipe Macedo,72,Outro,Solteiro,50954785,Ensino Médio
Alexandre Pires,24,Feminino,Casado,50838922,Pós-Graduação
Camila Fonseca,47,Outro,Viúvo,50280940,Ensino Fundamental
Eloah Silveira,21,Masculino,Solteiro,50846074,Ensino Fundamental
Antônio Silva,73,Masculino,Solteiro,50032630,Pós-Graduação
Maya Jesus,46,Feminino,Casado,50713850,Superior Incompleto
Luara Siqueira,86,Masculino,Viúvo,50227683,Superior Completo
Sr. Carlos Eduardo Lima,27,Outro,Solteiro,50141682,Pós-Graduação
Bento Martins,34,Outro,Solteiro,50861063,Ensino Médio
Asafe Cavalcanti,32,Masculino,Casado,50562882,Superior Incompleto
Yuri Mendes,37,Masculino,Solteiro,50665019,Ensino Médio
Calebe Pastor,72,Outro,Casado,50564928,Pós-Graduação
Dom Borges,47,Masculino,Viúvo,50928819,Ensino Médio
Isabela Abreu,42,Outro,Casado,50083811,Superior Incompleto
Isis Santos,65,Outro,Divorciado,50171358,Ensino Fundamental
Laura Pimenta,54,Masculino,Solteiro,50626669,Superior Completo
Hadassa Rezende,37,Outro,Viúvo,50603909,Ensino Fundamental
Daniel Cardoso,75,Outro,Solteiro,50490435,Superior Completo
Davi Miguel Fernandes,62,Outro,Casado,50462159,Superior Incompleto
Bento Alves,33,Masculino,Divorciado,50045361,Superior Incompleto
Liz Rodrigues,28,Masculino,Solteiro,50379047,Pós-Graduação
Maitê da Mota,41,Feminino,Viúvo,50030228,Superior Completo
Maria Cecília Ribeiro,21,Feminino,Solteiro,50520810,Superior Completo
Bruno Pereira,40,Outro,Solteiro,50371660,Pós-Graduação
Eloah Vargas,35,Feminino,Divorciado,51092453,Ensino Médio
Sra. Eloah Mendes,75,Masculino,Casado,50798920,Pós-Graduação
Mariana Porto,80,Feminino,Casado,50211569,Superior Completo
Eduarda da Mata,27,Feminino,Viúvo,50784425,Superior Incompleto
Luiz Gustavo Peixoto,46,Feminino,Casado,51034138,Ensino Médio
Arthur Gabriel Costela,39,Outro,Solteiro,50012523,Ensino Fundamental
Zoe Cirino,81,Outro,Casado,50859635,Superior Incompleto
Francisco Nunes,73,Outro,Divorciado,50151890,Superior Completo
Pietro Lima,32,Masculino,Viúvo,50715309,Ensino Médio
Srta. Giovanna Costela,21,Outro,Casado,50754322,Superior Incompleto
João Miguel Aparecida,86,Outro,Divorciado,50524177,Ensino Médio
Maria Clara Guerra,41,Feminino,Solteiro,50161577,Superior Completo
Melina da Rosa,82,Feminino,Solteiro,50970186,Pós-Graduação
Matteo Pimenta,41,Outro,Solteiro,50399663,Superior Incompleto
Davi Cardoso,36,Feminino,Viúvo,50880501,Ensino Médio
Olivia Fonseca,28,Outro,Casado,50424482,Superior Incompleto
Juan Abreu,46,Outro,Viúvo,50101492,Pós-Graduação
Luísa Cavalcanti,52,Outro,Divorciado,50460030,Superior Completo
Henry da Paz,89,Outro,Casado,50540532,Superior Incompleto
Samuel Novaes,53,Feminino,Divorciado,50556341,Ensino Médio
Yago Aparecida,53,Masculino,Viúvo,50527859,Ensino Médio
João Guilherme Almeida,25,Outro,Divorciado,50429099,Pós-Graduação
Alícia Sales,51,Masculino,Solteiro,51005032,Pós-Graduação
Mirella Ribeiro,88,Outro,Solteiro,50020850,Superior Completo
Rodrigo Fogaça,50,Masculino,Solteiro,51045721,Pós-Graduação
Pietro da Mata,20,Feminino,Divorciado,50752503,Superior Completo
Benicio Vieira,73,Feminino,Divorciado,50391583,Pós-Graduação
Pedro Henrique Novaes,56,Feminino,Casado,50987810,Ensino Fundamental
Maria Vitória Caldeira,43,Masculino,Viúvo,50760426,Pós-Graduação
Isis Aparecida,68,Outro,Viúvo,50002311,Ensino Fundamental
Antonella Lopes,85,Outro,Viúvo,50895847,Ensino Médio
Vitória Rios,66,Outro,Viúvo,50439322,Ensino Médio
Gael Henrique Campos,72,Feminino,Divorciado,50216080,Ensino Fundamental
Alexandre Costa,41,Outro,Solteiro,50971937,Ensino Fundamental
Maria Vitória da Mota,59,Feminino,Divorciado,50473971,Ensino Fundamental
Melina Rocha,81,Outro,Divorciado,50558991,Ensino Fundamental
Giovanna Gomes,32,Feminino,Viúvo,50500471,Superior Completo
Isaac Vargas,29,Feminino,Divorciado,50297691,Pós-Graduação
Vitor Silva,39,Masculino,Viúvo,50941304,Ensino Fundamental
Alexia Silveira,34,Feminino,Viúvo,50465950,Ensino Fundamental
Manuella Gomes,69,Masculino,Casado,50683620,Ensino Médio
Sra. Maria Sophia Farias,52,Feminino,Solteiro,50916918,Ensino Médio
Aylla Barros,34,Outro,Casado,50639017,Ensino Médio
Daniel Monteiro,81,Feminino,Divorciado,50324464,Superior Completo
Samuel Barbosa,33,Masculino,Divorciado,50376806,Superior Incompleto
Ana Vitória Novais,30,Feminino,Viúvo,50460027,Ensino Fundamental
Dra. Ana Julia Oliveira,38,Masculino,Viúvo,50344116,Superior Incompleto
Agatha Campos,22,Outro,Divorciado,50303809,Superior Incompleto
Isaac Borges,50,Masculino,Viúvo,50477920,Superior Incompleto
Lucas Gabriel Pinto,54,Feminino,Viúvo,50682822,Superior Incompleto
Marcelo Borges,39,Feminino,Casado,50362833,Ensino Fundamental
Maria Flor Rodrigues,81,Feminino,Viúvo,50772530,Superior Incompleto
Emanuelly Cunha,73,Outro,Solteiro,50562844,Superior Incompleto
Joana Alves,29,Feminino,Divorciado,50835376,Superior Completo
Mirella Mendes,70,Feminino,Casado,50516002,Superior Incompleto
Sarah Oliveira,84,Masculino,Solteiro,50620394,Ensino Fundamental
Gael Henrique Jesus,79,Masculino,Solteiro,50963725,Pós-Graduação
Ana Lívia da Paz,59,Masculino,Solteiro,50230905,Ensino Médio
Srta. Heloísa Mendes,67,Feminino,Casado,50265559,Superior Completo
Vitor Gabriel Garcia,45,Outro,Divorciado,50206833,Pós-Graduação
Maysa Casa Grande,24,Feminino,Casado,50743993,Ensino Médio
Mirella Andrade,68,Feminino,Divorciado,51046508,Superior Completo
Sophie Cardoso,77,Feminino,Casado,50916843,Ensino Médio
Dr. José Miguel Leão,39,Masculino,Solteiro,51019704,Superior Completo
Henry Gabriel Cavalcanti,86,Masculino,Divorciado,51013776,Ensino Médio
Luan Borges,50,Feminino,Casado,50824171,Pós-Graduação
Srta. Larissa Macedo,80,Masculino,Solteiro,50585959,Superior Completo
Benício Sampaio,62,Outro,Divorciado,50648162,Ensino Fundamental
Josué Mendonça,57,Feminino,Casado,50302472,Ensino Médio
Enzo Vargas,31,Feminino,Divorciado,50358717,Superior Completo
Bella Pacheco,86,Outro,Solteiro,50496806,Ensino Fundamental
Luiz Otávio Caldeira,57,Outro,Divorciado,50939424,Superior Incompleto
Caleb Lima,79,Outro,Divorciado,50564427,Pós-Graduação
Gael Henrique Teixeira,68,Masculino,Viúvo,50343486,Ensino Fundamental
Srta. Sofia da Cunha,34,Masculino,Solteiro,50026179,Ensino Médio
Sra. Maysa Borges,32,Masculino,Solteiro,50841981,Pós-Graduação
Dr. Thales da Mota,36,Masculino,Casado,50488656,Ensino Fundamental
Heitor Alves,21,Feminino,Casado,50497499,Superior Completo
Isadora Sampaio,26,Masculino,Solteiro,50792918,Superior Completo
Dom Viana,80,Feminino,Divorciado,50776827,Superior Completo
Levi Macedo,90,Masculino,Viúvo,51071640,Ensino Médio
Luiz Otávio Cardoso,70,Masculino,Viúvo,50833805,Ensino Médio
Rhavi Câmara,46,Masculino,Divorciado,50222599,Ensino Fundamental
Natália da Luz,82,Masculino,Viúvo,50494250,Superior Completo
Renan da Mata,49,Outro,Viúvo,50614209,Ensino Médio
Gabriel Sampaio,51,Feminino,Divorciado,50106861,Ensino Médio
Gustavo Nascimento,29,Outro,Casado,50513106,Superior Incompleto
Rhavi Duarte,53,Feminino,Viúvo,50889884,Superior Completo
Giovanna Mendonça,39,Masculino,Solteiro,50912940,Ensino Fundamental
Amanda Silveira,39,Masculino,Viúvo,51089804,Superior Incompleto
Otávio Cavalcante,74,Feminino,Viúvo,50402536,Ensino Fundamental
Henry Gabriel Silveira,85,Outro,Solteiro,50360352,Pós-Graduação
Vitor Gabriel da Paz,32,Masculino,Solteiro,51045547,Ensino Médio
Sra. Lívia da Conceição,18,Masculino,Casado,50458643,Ensino Fundamental
Srta. Antonella da Mata,37,Feminino,Solteiro,50485650,Pós-Graduação
João Gabriel Sá,39,Masculino,Viúvo,50481875,Pós-Graduação
Antonella Duarte,47,Outro,Divorciado,50277939,Ensino Médio
Carolina Pereira,82,Feminino,Divorciado,50512458,Superior Incompleto
Dr. Mathias Garcia,90,Masculino,Solteiro,50843072,Pós-Graduação
Benjamim Sampaio,23,Feminino,Divorciado,50113538,Ensino Fundamental
Théo Abreu,23,Feminino,Solteiro,50520372,Ensino Fundamental
Benício Castro,31,Outro,Divorciado,50971359,Ensino Fundamental
Bárbara Cardoso,24,Outro,Viúvo,50984070,Pós-Graduação
Agatha Machado,26,Feminino,Divorciado,50444834,Ensino Médio
Liz Borges,22,Outro,Viúvo,50687762,Superior Completo
Sr. Cauê Martins,59,Feminino,Divorciado,50511272,Ensino Fundamental
Dra. Vitória Pastor,70,Masculino,Viúvo,50372541,Pós-Graduação
Léo Albuquerque,56,Masculino,Viúvo,50288889,Pós-Graduação
Carolina Camargo,43,Outro,Divorciado,51001506,Pós-Graduação
Sra. Mariane Porto,63,Outro,Casado,51006294,Superior Incompleto
Sra. Ana Julia Andrade,31,Feminino,Viúvo,50447099,Ensino Médio
João Guilherme Pires,40,Outro,Casado,50056963,Superior Incompleto
Isabella Monteiro,23,Feminino,Casado,50084834,Ensino Médio
Mateus Marques,87,Masculino,Viúvo,51071700,Ensino Médio
Isabela Sá,90,Feminino,Solteiro,50441770,Superior Completo
Zoe Aparecida,86,Outro,Solteiro,50434810,Superior Incompleto
Maria Júlia Mendonça,82,Masculino,Solteiro,50212482,Pós-Graduação
Pedro Henrique Rezende,49,Feminino,Casado,50916493,Pós-Graduação
Leandro Gonçalves,66,Outro,Viúvo,50405187,Ensino Médio
Ana Carolina Ribeiro,49,Masculino,Divorciado,50239174,Pós-Graduação
Maria Clara Campos,57,Feminino,Solteiro,50914067,Pós-Graduação
Sra. Nicole Cardoso,81,Masculino,Solteiro,50742506,Ensino Médio
Evelyn Cunha,20,Masculino,Casado,50957927,Superior Incompleto
Dr. Asafe Carvalho,72,Feminino,Viúvo,50021258,Ensino Médio
João Rocha,34,Feminino,Casado,50400533,Superior Completo
Luiz Gustavo Campos,82,Feminino,Viúvo,50796495,Ensino Médio
Srta. Juliana da Rosa,59,Feminino,Casado,50926187,Superior Incompleto
Sr. Francisco da Conceição,83,Outro,Casado,50326837,Superior Incompleto
Gael Monteiro,87,Outro,Divorciado,50752570,Superior Completo
Anthony Gabriel Monteiro,55,Outro,Solteiro,50481134,Superior Incompleto
Clarice Brito,42,Feminino,Casado,50673714,Superior Completo
Luiz Gustavo Guerra,76,Masculino,Solteiro,50468670,Superior Incompleto
Sarah Silva,76,Feminino,Solteiro,50053625,Superior Completo
Rhavi Peixoto,68,Masculino,Solteiro,50144364,Superior Incompleto
Vinícius da Cruz,51,Outro,Solteiro,50949540,Ensino Fundamental
Clara Porto,41,Masculino,Casado,51018862,Pós-Graduação
Luna Carvalho,79,Outro,Viúvo,50542487,Ensino Fundamental
Srta. Eloá Pimenta,88,Masculino,Casado,50559628,Superior Completo
Allana Brito,24,Feminino,Viúvo,51062081,Pós-Graduação
Luiz Fernando Novais,89,Outro,Solteiro,50875497,Superior Completo
Srta. Beatriz Vasconcelos,62,Masculino,Viúvo,50309360,Ensino Médio
Calebe da Rosa,61,Feminino,Divorciado,50221802,Pós-Graduação
Dra. Maria Clara da Costa,53,Masculino,Casado,50111816,Pós-Graduação
Kamilly Sá,51,Masculino,Viúvo,50119280,Pós-Graduação
Maria Luiza Teixeira,36,Feminino,Casado,50738737,Ensino Médio
Srta. Heloisa Alves,90,Feminino,Casado,51019727,Superior Incompleto
Olívia Duarte,70,Masculino,Viúvo,50996576,Superior Incompleto
Anthony Gabriel Sá,18,Feminino,Casado,50587214,Superior Completo
Maria Fernanda Pacheco,34,Feminino,Divorciado,50578634,Pós-Graduação
Davi Lucas Borges,66,Masculino,Casado,50135691,Superior Incompleto
Daniel Alves,85,Masculino,Viúvo,50190024,Superior Incompleto
Isabela Macedo,84,Outro,Casado,51023002,Ensino Médio
Helena da Cunha,26,Feminino,Casado,50566702,Ensino Médio
Diego Macedo,85,Outro,Solteiro,50890512,Ensino Fundamental
Thiago Sá,53,Outro,Solteiro,50302332,Ensino Médio
Liam Viana,89,Feminino,Solteiro,50577367,Ensino Fundamental
Vitor Gabriel Rezende,41,Outro,Divorciado,50938858,Superior Completo
Gabriel da Luz,25,Feminino,Casado,50692657,Superior Incompleto
Eduarda Brito,30,Masculino,Solteiro,50200166,Pós-Graduação
Dr. Arthur Ribeiro,52,Masculino,Casado,50272821,Ensino Médio
Maria Julia Ramos,47,Masculino,Divorciado,50515551,Superior Completo
Srta. Ana Carolina Marques,76,Feminino,Casado,51014991,Superior Completo
Aylla Cunha,36,Masculino,Solteiro,50540436,Ensino Médio
Enzo Costa,40,Outro,Viúvo,50198722,Superior Completo
Srta. Camila Carvalho,80,Outro,Viúvo,50980596,Pós-Graduação
Benicio Guerra,69,Feminino,Divorciado,50312054,Pós-Graduação
Melina Rodrigues,52,Outro,Divorciado,50268663,Pós-Graduação
Ravi Marques,34,Masculino,Solteiro,50599676,Superior Completo
Luiz Henrique Barros,53,Masculino,Divorciado,50027399,Pós-Graduação
Gustavo Henrique Moura,59,Masculino,Viúvo,50384650,Ensino Médio
Luiz Felipe da Cruz,69,Masculino,Casado,50442380,Superior Incompleto
Léo Nunes,63,Outro,Divorciado,50313080,Superior Incompleto
Dr. João Lucas Martins,58,Outro,Viúvo,50544629,Pós-Graduação
Sra. Ana Vitória Moreira,27,Masculino,Solteiro,50365543,Ensino Fundamental
Luiz Fernando da Mota,69,Feminino,Solteiro,50506990,Pós-Graduação
Zoe Mendonça,78,Masculino,Casado,50781622,Ensino Fundamental
Dr. Diogo Carvalho,71,Feminino,Casado,51035196,Pós-Graduação
Luara Lima,53,Outro,Viúvo,50772397,Superior Incompleto
Sr. Valentim Aragão,36,Outro,Viúvo,50533863,Superior Incompleto
Francisco da Conceição,19,Outro,Viúvo,50199143,Pós-Graduação
João Guilherme Lopes,68,Feminino,Viúvo,50454908,Ensino Médio
Fernanda Novaes,85,Feminino,Casado,50079374,Ensino Fundamental
Sofia Barros,81,Outro,Viúvo,50405078,Ensino Fundamental
Dr. Paulo Pereira,21,Outro,Solteiro,50456537,Pós-Graduação
Diogo Pinto,86,Outro,Solteiro,51064912,Superior Completo
Dr. Davi Lucca Moura,69,Outro,Divorciado,50799129,Ensino Fundamental
Lara Pereira,41,Masculino,Solteiro,50196384,Superior Completo
Raul Cavalcanti,54,Feminino,Viúvo,51071918,Ensino Fundamental
Maria Isis Sá,31,Outro,Solteiro,51079907,Superior Completo
Théo Nascimento,34,Masculino,Viúvo,50407207,Superior Completo
Ágatha Moura,23,Masculino,Divorciado,50719144,Ensino Fundamental
Maria Fernanda Melo,61,Feminino,Casado,50191526,Ensino Fundamental
Joana Martins,88,Outro,Solteiro,50829736,Ensino Médio
Theo Gonçalves,75,Masculino,Divorciado,50065663,Ensino Médio
Juliana Vieira,33,Masculino,Solteiro,50316336,Pós-Graduação
Isadora Rocha,36,Masculino,Divorciado,50070686,Ensino Fundamental
Dr. Lorenzo das Neves,51,Masculino,Solteiro,50343214,Ensino Médio
Clara da Paz,36,Outro,Divorciado,50731622,Pós-Graduação
Hadassa Vieira,81,Feminino,Casado,50417996,Ensino Fundamental
Emanuella Santos,18,Masculino,Viúvo,50700129,Ensino Médio
Gabrielly Sá,32,Feminino,Casado,50814367,Pós-Graduação
Vitor Sampaio,32,Feminino,Divorciado,50721751,Ensino Médio
Sr. Guilherme Pereira,31,Masculino,Divorciado,50907829,Superior Completo
Raquel Garcia,39,Masculino,Casado,50916599,Superior Completo
Ana Beatriz Aragão,53,Feminino,Casado,50776653,Ensino Fundamental
Augusto Pacheco,84,Masculino,Divorciado,50763381,Pós-Graduação
Alice Machado,67,Feminino,Divorciado,50061582,Pós-Graduação
Mariah Araújo,72,Masculino,Casado,50168148,Pós-Graduação
Emilly Caldeira,64,Outro,Viúvo,50171753,Ensino Médio
Srta. Isadora Correia,38,Feminino,Solteiro,50741875,Superior Completo
Emanuella Cardoso,74,Masculino,Casado,50396875,Ensino Médio
Erick Barbosa,74,Feminino,Divorciado,50134424,Ensino Fundamental
Isaque da Conceição,33,Feminino,Solteiro,50193108,Superior Completo
Francisco Melo,65,Outro,Divorciado,50183535,Ensino Fundamental
Hellena Cavalcante,44,Masculino,Divorciado,50133130,Ensino Fundamental
Sr. João Guilherme Gomes,79,Masculino,Solteiro,50937529,Ensino Fundamental
Pedro Henrique Azevedo,67,Masculino,Solteiro,51076134,Ensino Fundamental
Luna Oliveira,69,Outro,Solteiro,50885216,Ensino Médio
Rafaela Cirino,31,Feminino,Solteiro,50838046,Ensino Fundamental
